aso_length,steps,score,seq,mods,ps_fraction,duplex_dG,self_mfe,GC_percent,Tm_C,frac_D,frac_L,frac_M,frac_F
20,200,0.9077133917935081,CTAGCATCAGCTAAGCTAGCAT,LLLDDDDDDDDDDDDDDLLLDD,1.0,-40.2,-4.400000095367432,45.45454545454545,52.97272727272728,0.7272727272727273,0.2727272727272727,0.0,0.0
18,200,0.9076283284138708,GTAAGCATCAGTAGCCAT,LLLDDDDDDDDDDDDLLL,1.0,-31.4,0.0,44.44444444444444,45.76666666666668,0.6666666666666666,0.3333333333333333,0.0,0.0
